{
  "steps": [
    5000,
    20000,
    36000,
    60000,
    120000
  ],
  "scores": [
    608.8666666666667,
    588.1333333333332,
    587.4666666666666,
    548.8000000000003,
    558.2000000000003
  ],
  "avg_steps_to_goal": [
    350.0,
    350.0,
    350.0,
    350.0,
    350.0
  ],
  "success_rate": [
    0.0,
    0.0,
    0.0,
    0.0,
    0.0
  ],
  "episode_returns": [
    [
      567.2000000000003,
      632.4000000000001,
      626.9999999999994
    ],
    [
      577.2,
      611.9999999999999,
      575.1999999999998
    ],
    [
      597.0000000000002,
      592.5999999999997,
      572.8
    ],
    [
      551.6,
      579.2000000000004,
      515.6000000000006
    ],
    [
      563.6000000000006,
      556.6000000000001,
      554.4000000000002
    ]
  ],
  "episode_returns_random": [
    [
      578.1999999999996,
      606.4000000000002,
      596.6000000000003
    ],
    [
      593.0000000000002,
      594.5999999999996,
      573.6000000000001
    ],
    [
      573.2000000000007,
      603.8000000000004,
      570.8000000000004
    ],
    [
      588.3999999999996,
      625.1999999999999,
      580.3999999999999
    ],
    [
      572.4000000000005,
      586.7999999999998,
      624.2
    ]
  ],
  "scores_random": [
    593.7333333333335,
    587.0666666666667,
    582.6000000000005,
    597.9999999999998,
    594.4666666666668
  ],
  "avg_steps_to_goal_random": [
    350.0,
    350.0,
    350.0,
    350.0,
    350.0
  ],
  "success_rate_random": [
    0.0,
    0.0,
    0.0,
    0.0,
    0.0
  ],
  "episodes_per_checkpoint": 3,
  "description": "Cyberwheel checkpoints evaluated on CBS; includes steps-to-goal and success rate"
}