{
  "steps": [
    256,
    3328,
    6400,
    20224,
    60160,
    100096
  ],
  "scores": [
    631.6999999999998,
    753.8999999999977,
    740.7333333333313,
    1017.4666666666657,
    715.599999999998,
    1128.0666666666655
  ],
  "avg_steps_to_goal": [
    400.0,
    400.0,
    400.0,
    400.0,
    400.0,
    400.0
  ],
  "success_rate": [
    0.0,
    0.0,
    0.0,
    0.0,
    0.0,
    0.0
  ],
  "episode_returns": [
    [
      670.1999999999997,
      616.1999999999999,
      608.6999999999997
    ],
    [
      752.9999999999985,
      779.1999999999966,
      729.4999999999977
    ],
    [
      753.2999999999978,
      739.4999999999976,
      729.3999999999985
    ],
    [
      1013.5999999999992,
      1021.4999999999993,
      1017.2999999999984
    ],
    [
      737.8999999999982,
      702.1999999999974,
      706.6999999999983
    ],
    [
      1121.2999999999988,
      1113.4999999999986,
      1149.399999999999
    ]
  ],
  "episode_returns_random": [
    [],
    [],
    [],
    [],
    [],
    []
  ],
  "scores_random": [
    null,
    null,
    null,
    null,
    null,
    null
  ],
  "avg_steps_to_goal_random": [
    null,
    null,
    null,
    null,
    null,
    null
  ],
  "success_rate_random": [
    null,
    null,
    null,
    null,
    null,
    null
  ],
  "episodes_per_checkpoint": 3,
  "description": "Cyberwheel checkpoints evaluated on CBS; includes steps-to-goal and success rate"
}