{
  "steps": [
    256,
    1024,
    2560,
    3328,
    4864
  ],
  "scores": [
    10987.650000000009,
    8947.200000000092,
    7706.050000000109,
    8584.949999999993,
    8379.700000000048
  ],
  "avg_steps_to_goal": [
    5000.0,
    5000.0,
    5000.0,
    5000.0,
    5000.0
  ],
  "success_rate": [
    0.0,
    0.0,
    0.0,
    0.0,
    0.0
  ],
  "episode_returns": [
    [
      10995.60000000002,
      10979.699999999997
    ],
    [
      8989.00000000009,
      8905.400000000094
    ],
    [
      7742.500000000114,
      7669.600000000105
    ],
    [
      8663.799999999997,
      8506.099999999991
    ],
    [
      8351.500000000051,
      8407.900000000045
    ]
  ],
  "episode_returns_random": [
    [],
    [],
    [],
    [],
    []
  ],
  "scores_random": [
    null,
    null,
    null,
    null,
    null
  ],
  "avg_steps_to_goal_random": [
    null,
    null,
    null,
    null,
    null
  ],
  "success_rate_random": [
    null,
    null,
    null,
    null,
    null
  ],
  "episodes_per_checkpoint": 2,
  "description": "Cyberwheel checkpoints evaluated on CBS; includes steps-to-goal and success rate"
}